ID	pango-designation or lineage-proposals issue number or comment	lineage
England/ALDP-2F86D33/2021	422	
England/QEUH-312A66E/2022	422	
England/ALDP-31AE19E/2022	422	
England/ALDP-325CFB2/2022	422	
OV626513.1	422	
OV628319.1	422	
OV720067.1	422	
OV721520.1	422	
EPI_ISL_8166781	422	
EPI_ISL_8610834	422	
EPI_ISL_8865709	422	
EPI_ISL_8898412	422	
EPI_ISL_8438332	437	
EPI_ISL_10262189	437	
EPI_ISL_10263151	437	
EPI_ISL_10263152	437	
EPI_ISL_10261577	437	
EPI_ISL_10305529	437	
EPI_ISL_11157235	437	
EPI_ISL_11632598	437	
EPI_ISL_11632599	437	
EPI_ISL_11632600	437	
EPI_ISL_11993539	437	
EPI_ISL_11750046	437	
OM392955.1	439	
OM393452.1	439	
OM372355.1	439	
OM344043.1	439	
OM344166.1	439	
OM344238.1	439	
OM272834.2	439	
OM835119.1	439	
OM835120.1	439	
EPI_ISL_8720194	439	
EPI_ISL_8981459	439	
EPI_ISL_8981712	439	
EPI_ISL_8981824	439	
EPI_ISL_9088187	439	
EPI_ISL_9147438	439	
EPI_ISL_9147935	439	
EPI_ISL_10389336	439	
EPI_ISL_10389339	439	
England/NORT-YNNYFNT/2022	441	
England/PLYM-32FEF76/2022	441	
England/PLYM-332E079/2022	441	
England/PLYM-332E510/2022	441	
England/PLYM-336A651/2022	441	
England/PLYM-33BB5CD/2022	441	
OV757286.1	441	
OV758622.1	441	
OV768982.1	441	
OV781287.1	441	
OV807225.1	441	
OX069043.1	441	
EPI_ISL_9125312	441	
EPI_ISL_9175215	441	
EPI_ISL_9026013	441	
EPI_ISL_9062592	441	
EPI_ISL_9296739	441	
EPI_ISL_10630040	441	
EPI_ISL_9959921	444	XD
EPI_ISL_9879437	444	XD
EPI_ISL_9879436	444	XD
EPI_ISL_9863764	444	XD
EPI_ISL_9857381	444	XD
EPI_ISL_9791275	444	XD
EPI_ISL_9449070	444	XD
EPI_ISL_9166910	444	XD
EPI_ISL_9518370	444	XD
EPI_ISL_9791300	444	XD
EPI_ISL_10096770	444	XD
EPI_ISL_10014373	444	XD
EPI_ISL_10207240	444	XD
EPI_ISL_10210832	444	XD
EPI_ISL_10352397	444	XD
EPI_ISL_10511379	444	XD
EPI_ISL_10528736	444	XD
EPI_ISL_10529499	444	XD
EPI_ISL_10531214	444	XD
EPI_ISL_10550896	444	XD
EPI_ISL_10550897	444	XD
EPI_ISL_10550898	444	XD
EPI_ISL_10551446	444	XD
EPI_ISL_10551447	444	XD
EPI_ISL_10551448	444	XD
EPI_ISL_8894978	445	XF
EPI_ISL_8899193	445	XF
EPI_ISL_8964736	445	XF
EPI_ISL_9024950	445	XF
EPI_ISL_9027096	445	XF
EPI_ISL_9074902	445	XF
EPI_ISL_9174471	445	XF
EPI_ISL_9247732	445	XF
EPI_ISL_9254198	445	XF
EPI_ISL_9256573	445	XF
EPI_ISL_9284798	445	XF
EPI_ISL_9296126	445	XF
EPI_ISL_9310093	445	XF
EPI_ISL_9399416	445	XF
EPI_ISL_9411495	445	XF
EPI_ISL_9589270	445	XF
EPI_ISL_9641789	445	XF
EPI_ISL_9681404	445	XF
EPI_ISL_9727711	445	XF
EPI_ISL_9729847	445	XF
EPI_ISL_9732451	445	XF
EPI_ISL_9783055	445	XF
EPI_ISL_9790074	445	XF
EPI_ISL_9813122	445	XF
EPI_ISL_9818970	445	XF
EPI_ISL_9825890	445	XF
EPI_ISL_9827103	445	XF
EPI_ISL_9827194	445	XF
EPI_ISL_9866660	445	XF
EPI_ISL_9996515	445	XF
EPI_ISL_10106252	445	XF
EPI_ISL_10348464	445	XF
EPI_ISL_10357090	445	XF
EPI_ISL_10388349	445	XF
OV720991.1	445	XF
OV723571.1	445	XF
OV738853.1	445	XF
OV756288.1	445	XF
OV758512.1	445	XF
OV764698.1	445	XF
OV780992.1	445	XF
OV786378.1	445	XF
OV787989.1	445	XF
OV797151.1	445	XF
OV802239.1	445	XF
OV810231.1	445	XF
OV826120.1	445	XF
OV838244.1	445	XF
OV895508.1	445	XF
OW002725.1	445	XF
OV903385.1	445	XF
OV925428.1	445	XF
OV926268.1	445	XF
OV927647.1	445	XF
OV935452.1	445	XF
OV940828.1	445	XF
OV941737.1	445	XF
OV950003.1	445	XF
OV940146.1	445	XF
OV940149.1	445	XF
OV953888.1	445	XF
OV992408.1	445	XF
England/DHSC-CYB1NDG/2022	445	XF
England/DHSC-CYBR1GP/2022	445	XF
England/DHSC-CYY89OG/2022	445	XF
England/HSLL-32DE9C9/2022	445	XF
England/HSLL-34107CF/2022	445	XF
England/HSLL-345C897/2022	445	XF
England/MILK-3251BB9/2022	445	XF
England/MILK-3270598/2022	445	XF
England/MILK-327F0C5/2022	445	XF
England/MILK-32A5DDE/2022	445	XF
England/MILK-32F2D5A/2022	445	XF
England/MILK-335FD3C/2022	445	XF
England/MILK-3387366/2022	445	XF
England/MILK-338970E/2022	445	XF
England/MILK-3394D0E/2022	445	XF
England/MILK-33A6C1B/2022	445	XF
England/MILK-33CD768/2022	445	XF
England/MILK-352138A/2022	445	XF
England/MILK-352B292/2022	445	XF
England/MILK-3534D77/2022	445	XF
England/MILK-3548B2B/2022	445	XF
England/MILK-354CDB8/2022	445	XF
England/MILK-355A151/2022	445	XF
England/MILK-357D361/2022	445	XF
England/MILK-358F302/2022	445	XF
England/MILK-358F6AF/2022	445	XF
England/MILK-359F008/2022	445	XF
England/MILK-35A6CFB/2022	445	XF
England/MILK-3602CCF/2022	445	XF
England/MILK-365F003/2022	445	XF
England/MILK-36E1AF9/2022	445	XF
England/NORT-YB6X6S/2022	445	XF
England/PHEC-YYN8J41/2022	445	XF
England/PHEC-YYNR51S/2022	445	XF
EPI_ISL_8922263	447	XG
EPI_ISL_9010592	447	XG
EPI_ISL_9123271	447	XG
EPI_ISL_9127654	447	XG
EPI_ISL_9127907	447	XG
EPI_ISL_9128667	447	XG
EPI_ISL_9162908	447	XG
EPI_ISL_9166546	447	XG
EPI_ISL_9269735	447	XG
EPI_ISL_9270822	447	XG
EPI_ISL_9365440	447	XG
EPI_ISL_9365916	447	XG
EPI_ISL_9367129	447	XG
EPI_ISL_9410195	447	XG
EPI_ISL_9447008	447	XG
EPI_ISL_9564674	447	XG
EPI_ISL_9653239	447	XG
EPI_ISL_9653274	447	XG
EPI_ISL_9653281	447	XG
EPI_ISL_9654269	447	XG
EPI_ISL_9655126	447	XG
EPI_ISL_9691301	447	XG
EPI_ISL_9691377	447	XG
EPI_ISL_9691944	447	XG
EPI_ISL_9785347	447	XG
EPI_ISL_9855246	447	XG
EPI_ISL_9856140	447	XG
EPI_ISL_9856155	447	XG
EPI_ISL_9856373	447	XG
EPI_ISL_9856903	447	XG
EPI_ISL_9859266	447	XG
EPI_ISL_9859700	447	XG
EPI_ISL_9904514	447	XG
EPI_ISL_9972044	447	XG
EPI_ISL_9972435	447	XG
EPI_ISL_10011794	447	XG
EPI_ISL_10013280	447	XG
EPI_ISL_10015023	447	XG
EPI_ISL_10015592	447	XG
EPI_ISL_10061537	447	XG
EPI_ISL_10061733	447	XG
EPI_ISL_10064112	447	XG
EPI_ISL_10067433	447	XG
EPI_ISL_10093421	447	XG
EPI_ISL_10093473	447	XG
EPI_ISL_10093584	447	XG
EPI_ISL_10094142	447	XG
EPI_ISL_10094405	447	XG
EPI_ISL_10094657	447	XG
EPI_ISL_10095412	447	XG
EPI_ISL_10095522	447	XG
EPI_ISL_10095577	447	XG
EPI_ISL_10095630	447	XG
EPI_ISL_10203736	447	XG
EPI_ISL_10203572	447	XG
EPI_ISL_10203835	447	XG
EPI_ISL_10216164	447	XG
EPI_ISL_10209781	447	XG
EPI_ISL_10209717	447	XG
EPI_ISL_10258774	447	XG
EPI_ISL_10260270	447	XG
EPI_ISL_10252933	447	XG
EPI_ISL_10201743	447	XG
EPI_ISL_10259287	447	XG
EPI_ISL_10259103	447	XG
EPI_ISL_10318984	447	XG
EPI_ISL_10349122	447	XG
EPI_ISL_10349073	447	XG
EPI_ISL_10350127	447	XG
EPI_ISL_10350284	447	XG
EPI_ISL_10353954	447	XG
EPI_ISL_10353555	447	XG
EPI_ISL_10399175	447	XG
EPI_ISL_10399838	447	XG
EPI_ISL_10399954	447	XG
EPI_ISL_10399960	447	XG
EPI_ISL_10400070	447	XG
EPI_ISL_10400546	447	XG
EPI_ISL_10400577	447	XG
EPI_ISL_10012850	447	XG
EPI_ISL_10066606	447	XG
EPI_ISL_10253010	447	XG
EPI_ISL_10284531	447	XG
EPI_ISL_10317926	447	XG
EPI_ISL_10318568	447	XG
EPI_ISL_10349654	447	XG
EPI_ISL_10507630	447	XG
EPI_ISL_10509804	447	XG
EPI_ISL_10510819	447	XG
EPI_ISL_10510968	447	XG
EPI_ISL_10511619	447	XG
EPI_ISL_10532208	447	XG
EPI_ISL_10535975	447	XG
EPI_ISL_10581784	447	XG
EPI_ISL_10582143	447	XG
EPI_ISL_10582318	447	XG
EPI_ISL_10584075	447	XG
EPI_ISL_10584328	447	XG
EPI_ISL_10584366	447	XG
EPI_ISL_10585364	447	XG
EPI_ISL_10586509	447	XG
EPI_ISL_10586828	447	XG
Scotland/QEUH-37E04A0/2022	447	XG
England/MILK-3795589/2022	447	XG
EPI_ISL_8465919	448	XH
EPI_ISL_8702247	448	XH
EPI_ISL_8767403	448	XH
EPI_ISL_9065843	448	XH
EPI_ISL_9066877	448	XH
EPI_ISL_9064620	448	XH
EPI_ISL_9007989	448	XH
EPI_ISL_9010513	448	XH
EPI_ISL_9010917	448	XH
EPI_ISL_9120017	448	XH
EPI_ISL_9120205	448	XH
EPI_ISL_9126943	448	XH
EPI_ISL_8529537	448	XH
EPI_ISL_9163469	448	XH
EPI_ISL_8833007	448	XH
EPI_ISL_8833093	448	XH
EPI_ISL_9167531	448	XH
EPI_ISL_8887203	448	XH
EPI_ISL_8926995	448	XH
EPI_ISL_8925096	448	XH
EPI_ISL_9237843	448	XH
EPI_ISL_9238597	448	XH
EPI_ISL_9243151	448	XH
EPI_ISL_9238464	448	XH
EPI_ISL_9236009	448	XH
EPI_ISL_9270778	448	XH
EPI_ISL_9358935	448	XH
EPI_ISL_9358324	448	XH
EPI_ISL_9411270	448	XH
EPI_ISL_9454346	448	XH
EPI_ISL_9504399	448	XH
EPI_ISL_9495907	448	XH
EPI_ISL_9652491	448	XH
EPI_ISL_9653598	448	XH
EPI_ISL_9854699	448	XH
EPI_ISL_9855785	448	XH
EPI_ISL_9898451	448	XH
EPI_ISL_9904247	448	XH
EPI_ISL_9900944	448	XH
EPI_ISL_10064603	448	XH
EPI_ISL_10064569	448	XH
EPI_ISL_10095405	448	XH
EPI_ISL_9973212	449	XJ
EPI_ISL_10266422	449	XJ
EPI_ISL_10266423	449	XJ
EPI_ISL_10266424	449	XJ
EPI_ISL_10266425	449	XJ
EPI_ISL_10266426	449	XJ
EPI_ISL_10266427	449	XJ
EPI_ISL_10266428	449	XJ
EPI_ISL_10266429	449	XJ
EPI_ISL_10148532	449	XJ
EPI_ISL_10513491	449	XJ
EPI_ISL_10513717	449	XJ
EPI_ISL_10513762	449	XJ
EPI_ISL_10599971	449	XJ
EPI_ISL_10609794	449	XJ
EPI_ISL_10814640	449	XJ
EPI_ISL_10898591	449	XJ
EPI_ISL_10978544	449	XJ
EPI_ISL_11300500	449	XJ
EPI_ISL_11300501	449	XJ
EPI_ISL_11300502	449	XJ
EPI_ISL_11300503	449	XJ
EPI_ISL_11300504	449	XJ
EPI_ISL_11300505	449	XJ
EPI_ISL_11300506	449	XJ
EPI_ISL_11300507	449	XJ
EPI_ISL_11300508	449	XJ
EPI_ISL_11300509	449	XJ
EPI_ISL_11300510	449	XJ
EPI_ISL_11300511	449	XJ
EPI_ISL_11300512	449	XJ
EPI_ISL_11300513	449	XJ
EPI_ISL_11300514	449	XJ
EPI_ISL_11300515	449	XJ
EPI_ISL_11300516	449	XJ
EPI_ISL_11300517	449	XJ
EPI_ISL_11300518	449	XJ
EPI_ISL_11300519	449	XJ
EPI_ISL_11300520	449	XJ
EPI_ISL_11300521	449	XJ
EPI_ISL_11300522	449	XJ
EPI_ISL_11300523	449	XJ
EPI_ISL_11300524	449	XJ
EPI_ISL_11300525	449	XJ
EPI_ISL_11300526	449	XJ
EPI_ISL_11300527	449	XJ
EPI_ISL_11300528	449	XJ
EPI_ISL_11300529	449	XJ
EPI_ISL_11300530	449	XJ
EPI_ISL_11300531	449	XJ
EPI_ISL_11300532	449	XJ
EPI_ISL_11300533	449	XJ
EPI_ISL_11300534	449	XJ
EPI_ISL_11300535	449	XJ
EPI_ISL_11300536	449	XJ
EPI_ISL_11300537	449	XJ
EPI_ISL_11300538	449	XJ
EPI_ISL_11300539	449	XJ
EPI_ISL_11300540	449	XJ
EPI_ISL_11300541	449	XJ
EPI_ISL_11300542	449	XJ
EPI_ISL_11300543	449	XJ
EPI_ISL_11300544	449	XJ
EPI_ISL_11300545	449	XJ
EPI_ISL_11300546	449	XJ
EPI_ISL_11300547	449	XJ
England/MILK-393A26F/2022	449	XJ
EPI_ISL_9118626	454	XE
EPI_ISL_9177743	454	XE
EPI_ISL_9317804	454	XE
EPI_ISL_9360159	454	XE
EPI_ISL_9374203	454	XE
EPI_ISL_9442114	454	XE
EPI_ISL_9561615	454	XE
EPI_ISL_9640507	454	XE
EPI_ISL_9640510	454	XE
EPI_ISL_9680768	454	XE
EPI_ISL_9685500	454	XE
EPI_ISL_9723901	454	XE
EPI_ISL_9724033	454	XE
EPI_ISL_9726465	454	XE
EPI_ISL_9778646	454	XE
EPI_ISL_9780750	454	XE
EPI_ISL_9785535	454	XE
EPI_ISL_9789810	454	XE
EPI_ISL_9837985	454	XE
EPI_ISL_9839163	454	XE
EPI_ISL_9841256	454	XE
EPI_ISL_9865436	454	XE
EPI_ISL_9865927	454	XE
EPI_ISL_9866059	454	XE
EPI_ISL_9867133	454	XE
EPI_ISL_9871599	454	XE
EPI_ISL_9874224	454	XE
EPI_ISL_9875444	454	XE
EPI_ISL_9888391	454	XE
EPI_ISL_9888437	454	XE
EPI_ISL_9890728	454	XE
EPI_ISL_9891687	454	XE
EPI_ISL_9894676	454	XE
EPI_ISL_9896755	454	XE
EPI_ISL_9991191	454	XE
EPI_ISL_9991839	454	XE
EPI_ISL_9992095	454	XE
EPI_ISL_9993159	454	XE
EPI_ISL_9993289	454	XE
EPI_ISL_9995887	454	XE
EPI_ISL_9996009	454	XE
EPI_ISL_9996395	454	XE
EPI_ISL_9998424	454	XE
EPI_ISL_9316611	454	XE
EPI_ISL_9386983	454	XE
EPI_ISL_9641769	454	XE
EPI_ISL_9642613	454	XE
EPI_ISL_9781137	454	XE
EPI_ISL_9827934	454	XE
EPI_ISL_9839903	454	XE
EPI_ISL_9840058	454	XE
EPI_ISL_9840129	454	XE
EPI_ISL_9991932	454	XE
EPI_ISL_9995284	454	XE
EPI_ISL_10004232	454	XE
EPI_ISL_10035165	454	XE
EPI_ISL_10048837	454	XE
EPI_ISL_10049744	454	XE
EPI_ISL_10055032	454	XE
EPI_ISL_10055800	454	XE
EPI_ISL_10056125	454	XE
EPI_ISL_10057698	454	XE
EPI_ISL_10057718	454	XE
EPI_ISL_10106431	454	XE
EPI_ISL_10106439	454	XE
EPI_ISL_10106478	454	XE
EPI_ISL_10108218	454	XE
EPI_ISL_10109693	454	XE
EPI_ISL_10112261	454	XE
EPI_ISL_10112394	454	XE
EPI_ISL_10112876	454	XE
EPI_ISL_10113327	454	XE
EPI_ISL_10113552	454	XE
EPI_ISL_10119827	454	XE
EPI_ISL_10125100	454	XE
EPI_ISL_10181370	454	XE
EPI_ISL_10192281	454	XE
EPI_ISL_10192418	454	XE
EPI_ISL_10193674	454	XE
EPI_ISL_10196334	454	XE
EPI_ISL_10198019	454	XE
EPI_ISL_10198363	454	XE
EPI_ISL_10198524	454	XE
EPI_ISL_10200051	454	XE
EPI_ISL_10242764	454	XE
EPI_ISL_10243273	454	XE
EPI_ISL_10243417	454	XE
EPI_ISL_10243480	454	XE
EPI_ISL_10243794	454	XE
EPI_ISL_10244013	454	XE
EPI_ISL_10245193	454	XE
EPI_ISL_10245373	454	XE
EPI_ISL_10245469	454	XE
EPI_ISL_10245618	454	XE
EPI_ISL_10245701	454	XE
EPI_ISL_10245725	454	XE
EPI_ISL_10245766	454	XE
EPI_ISL_10246087	454	XE
EPI_ISL_10246410	454	XE
EPI_ISL_10284540	454	XE
EPI_ISL_10284555	454	XE
EPI_ISL_10284600	454	XE
EPI_ISL_10284865	454	XE
EPI_ISL_10286915	454	XE
EPI_ISL_10287255	454	XE
EPI_ISL_10287386	454	XE
EPI_ISL_10287399	454	XE
EPI_ISL_10336103	454	XE
EPI_ISL_10338741	454	XE
EPI_ISL_10339410	454	XE
EPI_ISL_10413007	454	XE
EPI_ISL_10413008	454	XE
EPI_ISL_10413156	454	XE
EPI_ISL_10413868	454	XE
EPI_ISL_10413976	454	XE
EPI_ISL_10414620	454	XE
EPI_ISL_10414913	454	XE
EPI_ISL_10415414	454	XE
EPI_ISL_10415563	454	XE
EPI_ISL_10416799	454	XE
EPI_ISL_10417379	454	XE
EPI_ISL_10417433	454	XE
EPI_ISL_10417482	454	XE
EPI_ISL_10417546	454	XE
EPI_ISL_10417598	454	XE
EPI_ISL_10417663	454	XE
EPI_ISL_10418744	454	XE
EPI_ISL_10422361	454	XE
EPI_ISL_10424931	454	XE
EPI_ISL_10425271	454	XE
EPI_ISL_10425759	454	XE
EPI_ISL_10426230	454	XE
EPI_ISL_10427588	454	XE
EPI_ISL_10428495	454	XE
EPI_ISL_10428969	454	XE
EPI_ISL_10436801	454	XE
EPI_ISL_10453987	454	XE
EPI_ISL_10454010	454	XE
EPI_ISL_10454071	454	XE
EPI_ISL_10461587	454	XE
EPI_ISL_10463221	454	XE
EPI_ISL_10463311	454	XE
EPI_ISL_10463579	454	XE
EPI_ISL_10463690	454	XE
EPI_ISL_10463709	454	XE
EPI_ISL_10463872	454	XE
EPI_ISL_10464667	454	XE
EPI_ISL_10466511	454	XE
EPI_ISL_10471384	454	XE
EPI_ISL_10473104	454	XE
EPI_ISL_10473814	454	XE
EPI_ISL_10474531	454	XE
EPI_ISL_10477146	454	XE
EPI_ISL_10482059	454	XE
EPI_ISL_10484416	454	XE
EPI_ISL_10488502	454	XE
EPI_ISL_10053482	454	XE
EPI_ISL_10119815	454	XE
EPI_ISL_10194351	454	XE
EPI_ISL_10195082	454	XE
EPI_ISL_10428288	454	XE
EPI_ISL_10512719	454	XE
EPI_ISL_10512745	454	XE
EPI_ISL_10512733	454	XE
EPI_ISL_10513213	454	XE
EPI_ISL_10513800	454	XE
EPI_ISL_10515356	454	XE
EPI_ISL_10516813	454	XE
EPI_ISL_10516604	454	XE
EPI_ISL_10517482	454	XE
EPI_ISL_10514194	454	XE
EPI_ISL_10517633	454	XE
EPI_ISL_10518473	454	XE
EPI_ISL_10518752	454	XE
EPI_ISL_10518819	454	XE
EPI_ISL_10518005	454	XE
EPI_ISL_10519525	454	XE
EPI_ISL_10522124	454	XE
EPI_ISL_10522380	454	XE
EPI_ISL_10524361	454	XE
EPI_ISL_10526979	454	XE
EPI_ISL_10525794	454	XE
EPI_ISL_10529916	454	XE
EPI_ISL_10529632	454	XE
EPI_ISL_10532829	454	XE
EPI_ISL_10534022	454	XE
EPI_ISL_10536130	454	XE
EPI_ISL_10536356	454	XE
EPI_ISL_10536641	454	XE
EPI_ISL_10543255	454	XE
EPI_ISL_10543335	454	XE
EPI_ISL_10543210	454	XE
EPI_ISL_10571356	454	XE
EPI_ISL_10571556	454	XE
EPI_ISL_10572403	454	XE
EPI_ISL_10572026	454	XE
EPI_ISL_10572303	454	XE
EPI_ISL_10573300	454	XE
EPI_ISL_10572961	454	XE
EPI_ISL_10573739	454	XE
EPI_ISL_10577013	454	XE
EPI_ISL_10577893	454	XE
EPI_ISL_10587743	454	XE
EPI_ISL_10641307	454	XE
EPI_ISL_10641018	454	XE
EPI_ISL_10641104	454	XE
EPI_ISL_10642075	454	XE
EPI_ISL_10642606	454	XE
EPI_ISL_10642086	454	XE
EPI_ISL_10642839	454	XE
EPI_ISL_10641407	454	XE
EPI_ISL_10644123	454	XE
EPI_ISL_10644235	454	XE
EPI_ISL_10644417	454	XE
EPI_ISL_10644301	454	XE
EPI_ISL_10645019	454	XE
EPI_ISL_10644772	454	XE
EPI_ISL_10693449	454	XE
EPI_ISL_10684963	454	XE
EPI_ISL_10692778	454	XE
EPI_ISL_10691625	454	XE
EPI_ISL_10690325	454	XE
EPI_ISL_10690472	454	XE
EPI_ISL_10688409	454	XE
EPI_ISL_10687780	454	XE
EPI_ISL_10687912	454	XE
EPI_ISL_10686988	454	XE
EPI_ISL_10685466	454	XE
EPI_ISL_10709177	454	XE
EPI_ISL_10709266	454	XE
EPI_ISL_10709473	454	XE
EPI_ISL_10710593	454	XE
EPI_ISL_10710931	454	XE
EPI_ISL_10724970	454	XE
EPI_ISL_10725219	454	XE
EPI_ISL_10726035	454	XE
EPI_ISL_10726070	454	XE
EPI_ISL_10726698	454	XE
EPI_ISL_10726809	454	XE
EPI_ISL_10726860	454	XE
EPI_ISL_10727061	454	XE
EPI_ISL_10727238	454	XE
EPI_ISL_10727503	454	XE
EPI_ISL_10727735	454	XE
EPI_ISL_10728213	454	XE
EPI_ISL_10735172	454	XE
EPI_ISL_10735405	454	XE
EPI_ISL_10735567	454	XE
EPI_ISL_10735574	454	XE
EPI_ISL_10735640	454	XE
EPI_ISL_10735792	454	XE
EPI_ISL_10735810	454	XE
EPI_ISL_10736184	454	XE
EPI_ISL_10743190	454	XE
EPI_ISL_10744048	454	XE
EPI_ISL_10762397	454	XE
EPI_ISL_10765989	454	XE
EPI_ISL_10768829	454	XE
EPI_ISL_10768945	454	XE
OV774910.1	454	XE
OV783131.1	454	XE
OV815899.1	454	XE
OV818161.1	454	XE
OV822541.1	454	XE
OV840742.1	454	XE
OV869399.1	454	XE
OV894188.1	454	XE
OV894331.1	454	XE
OV814889.1	454	XE
OV835795.1	454	XE
OV895377.1	454	XE
OV896176.1	454	XE
OV934572.1	454	XE
OV946413.1	454	XE
OV954492.1	454	XE
OV954666.1	454	XE
OV954832.1	454	XE
OV981657.1	454	XE
OV995648.1	454	XE
OV996520.1	454	XE
OV998429.1	454	XE
OV999303.1	454	XE
OV999440.1	454	XE
OV999598.1	454	XE
OW000609.1	454	XE
OW000575.1	454	XE
OW002064.1	454	XE
OW002858.1	454	XE
OW002074.1	454	XE
OW003555.1	454	XE
OW006267.1	454	XE
OW008633.1	454	XE
OW009089.1	454	XE
OW008497.1	454	XE
OW009576.1	454	XE
OW009702.1	454	XE
OW011458.1	454	XE
OW011396.1	454	XE
OW012449.1	454	XE
OW011934.1	454	XE
OW014413.1	454	XE
OW013631.1	454	XE
OW014939.1	454	XE
OW018082.1	454	XE
OW018356.1	454	XE
OW022422.1	454	XE
OW018845.1	454	XE
OW020187.1	454	XE
OW017741.1	454	XE
OW017412.1	454	XE
OW016367.1	454	XE
OW016842.1	454	XE
OW016407.1	454	XE
OW021217.1	454	XE
OW021554.1	454	XE
OW016455.1	454	XE
OW021599.1	454	XE
OW012857.1	454	XE
OW023014.1	454	XE
OV901986.1	454	XE
OV909153.1	454	XE
OV923098.1	454	XE
OV923955.1	454	XE
OV925123.1	454	XE
OV932710.1	454	XE
OV933811.1	454	XE
OV936169.1	454	XE
OV940327.1	454	XE
OV946677.1	454	XE
OV951106.1	454	XE
OV954796.1	454	XE
OV957406.1	454	XE
OV937008.1	454	XE
OV937528.1	454	XE
OV952921.1	454	XE
OV959975.1	454	XE
OV961564.1	454	XE
OV962471.1	454	XE
OV962724.1	454	XE
OV963078.1	454	XE
OV965506.1	454	XE
OV965701.1	454	XE
OV968863.1	454	XE
OV971069.1	454	XE
OV984065.1	454	XE
OV983774.1	454	XE
OV984700.1	454	XE
OV984783.1	454	XE
OV985973.1	454	XE
OV985674.1	454	XE
OV991313.1	454	XE
OV991613.1	454	XE
OV991608.1	454	XE
OV992913.1	454	XE
OV975204.1	454	XE
England/ALDP-36F844C/2022	454	XE
England/ALDP-3783515/2022	454	XE
England/ARCH-002761B3/2022	454	XE
England/BRBR-3891B99/2022	454	XE
England/BRBR-389927E/2022	454	XE
England/BRBR-3899BBF/2022	454	XE
England/BRBR-3899D04/2022	454	XE
England/BRBR-389EF72/2022	454	XE
England/DHSC-CYBTMZS/2022	454	XE
England/DHSC-CYBUNJA/2022	454	XE
England/DHSC-CYDBKJU/2022	454	XE
England/DHSC-CYNNZ9A/2022	454	XE
England/HSLL-3635540/2022	454	XE
England/HSLL-3648B75/2022	454	XE
England/HSLL-36BA4EC/2022	454	XE
England/HSLL-36E7000/2022	454	XE
England/HSLL-36E7264/2022	454	XE
England/HSLL-3747B66/2022	454	XE
England/HSLL-374836D/2022	454	XE
England/HSLL-3795E7F/2022	454	XE
England/HSLL-37CB48D/2022	454	XE
England/HSLL-37CB4E7/2022	454	XE
England/HSLL-37CB54E/2022	454	XE
England/HSLL-37CB599/2022	454	XE
England/HSLL-37CB60F/2022	454	XE
England/HSLL-37CB757/2022	454	XE
England/HSLL-37DDAB3/2022	454	XE
England/HSLL-383C51A/2022	454	XE
England/HSLL-385736A/2022	454	XE
England/LOND-YYBROY8/2022	454	XE
England/LSPA-350A40C/2022	454	XE
England/LSPA-350BF28/2022	454	XE
England/LSPA-350DFAE/2022	454	XE
England/LSPA-360AF46/2022	454	XE
England/LSPA-3743B4C/2022	454	XE
England/LSPA-374D122/2022	454	XE
England/LSPA-374D553/2022	454	XE
England/LSPA-37A4165/2022	454	XE
England/LSPA-37BF0B5/2022	454	XE
England/LSPA-37DBCA0/2022	454	XE
England/LSPA-37DD01B/2022	454	XE
England/LSPA-37DD1BE/2022	454	XE
England/LSPA-37F1749/2022	454	XE
England/LSPA-3830BF6/2022	454	XE
England/LSPA-383CDE5/2022	454	XE
England/LSPA-383D1AC/2022	454	XE
England/LSPA-38419BC/2022	454	XE
England/LSPA-38500D3/2022	454	XE
England/LSPA-3860A3C/2022	454	XE
England/LSPA-38657C7/2022	454	XE
England/LSPA-386586A/2022	454	XE
England/LSPA-386F97C/2022	454	XE
England/LSPA-387D52C/2022	454	XE
England/LSPA-3880F0A/2022	454	XE
England/LSPA-389AF2B/2022	454	XE
England/LSPA-389DFCE/2022	454	XE
England/MILK-3337981/2022	454	XE
England/MILK-3364C73/2022	454	XE
England/MILK-33F209C/2022	454	XE
England/MILK-33F8579/2022	454	XE
England/MILK-3403158/2022	454	XE
England/MILK-3433E85/2022	454	XE
England/MILK-344ADBB/2022	454	XE
England/MILK-345FD0E/2022	454	XE
England/MILK-34981A3/2022	454	XE
England/MILK-3521302/2022	454	XE
England/MILK-352516E/2022	454	XE
England/MILK-3532D79/2022	454	XE
England/MILK-3550980/2022	454	XE
England/MILK-3552247/2022	454	XE
England/MILK-355A7AA/2022	454	XE
England/MILK-355ECC5/2022	454	XE
England/MILK-3567810/2022	454	XE
England/MILK-3572144/2022	454	XE
England/MILK-35762C5/2022	454	XE
England/MILK-35845BC/2022	454	XE
England/MILK-35940B8/2022	454	XE
England/MILK-35B02CF/2022	454	XE
England/MILK-35BA8B4/2022	454	XE
England/MILK-35BF3FA/2022	454	XE
England/MILK-35C13AA/2022	454	XE
England/MILK-35C21CD/2022	454	XE
England/MILK-35C2D9C/2022	454	XE
England/MILK-35CB100/2022	454	XE
England/MILK-35D1899/2022	454	XE
England/MILK-35DC931/2022	454	XE
England/MILK-35F29DB/2022	454	XE
England/MILK-35F5A3F/2022	454	XE
England/MILK-3600F13/2022	454	XE
England/MILK-3607B09/2022	454	XE
England/MILK-360C278/2022	454	XE
England/MILK-3610226/2022	454	XE
England/MILK-3616A28/2022	454	XE
England/MILK-3646E7E/2022	454	XE
England/MILK-365F1F1/2022	454	XE
England/MILK-3672CE8/2022	454	XE
England/MILK-3674EE0/2022	454	XE
England/MILK-3674F1A/2022	454	XE
England/MILK-3677FCC/2022	454	XE
England/MILK-367E596/2022	454	XE
England/MILK-367EC28/2022	454	XE
England/MILK-367EC37/2022	454	XE
England/MILK-3682A72/2022	454	XE
England/MILK-3682E2B/2022	454	XE
England/MILK-3689CA2/2022	454	XE
England/MILK-36967A1/2022	454	XE
England/MILK-369829F/2022	454	XE
England/MILK-369CAEE/2022	454	XE
England/MILK-369EC9B/2022	454	XE
England/MILK-36A47CE/2022	454	XE
England/MILK-36A4A5C/2022	454	XE
England/MILK-36BD461/2022	454	XE
England/MILK-36BD5F5/2022	454	XE
England/MILK-36BF55D/2022	454	XE
England/MILK-36C1998/2022	454	XE
England/MILK-36C2B55/2022	454	XE
England/MILK-36C2CE9/2022	454	XE
England/MILK-36C343B/2022	454	XE
England/MILK-36C3626/2022	454	XE
England/MILK-36C9620/2022	454	XE
England/MILK-36CF11A/2022	454	XE
England/MILK-36D3289/2022	454	XE
England/MILK-36D6E0A/2022	454	XE
England/MILK-36E9E31/2022	454	XE
England/MILK-36EC36C/2022	454	XE
England/MILK-3703C27/2022	454	XE
England/MILK-37070EB/2022	454	XE
England/MILK-3709878/2022	454	XE
England/MILK-370B30C/2022	454	XE
England/MILK-370F4E7/2022	454	XE
England/MILK-3728B98/2022	454	XE
England/MILK-3728EF9/2022	454	XE
England/MILK-3729AD6/2022	454	XE
England/MILK-372F232/2022	454	XE
England/MILK-3730447/2022	454	XE
England/MILK-3730B51/2022	454	XE
England/MILK-3730D00/2022	454	XE
England/MILK-3730E76/2022	454	XE
England/MILK-373117C/2022	454	XE
England/MILK-37313C1/2022	454	XE
England/MILK-373381B/2022	454	XE
England/MILK-3735D1A/2022	454	XE
England/MILK-3736256/2022	454	XE
England/MILK-3736274/2022	454	XE
England/MILK-37397EB/2022	454	XE
England/MILK-375F06C/2022	454	XE
England/MILK-375F309/2022	454	XE
England/MILK-377284D/2022	454	XE
England/MILK-3774553/2022	454	XE
England/MILK-37745AE/2022	454	XE
England/MILK-37745DB/2022	454	XE
England/MILK-3797A4C/2022	454	XE
England/MILK-379B5A1/2022	454	XE
England/MILK-379CF1B/2022	454	XE
England/MILK-37B1CA0/2022	454	XE
England/MILK-37B8614/2022	454	XE
England/MILK-37C98A1/2022	454	XE
England/MILK-37CF9D5/2022	454	XE
England/MILK-37DE469/2022	454	XE
England/MILK-37DF25F/2022	454	XE
England/MILK-37E171F/2022	454	XE
England/MILK-37E1AE9/2022	454	XE
England/MILK-37E3C0F/2022	454	XE
England/MILK-37E498F/2022	454	XE
England/MILK-37E4A04/2022	454	XE
England/MILK-37F0540/2022	454	XE
England/MILK-37F38BD/2022	454	XE
England/MILK-37F53C9/2022	454	XE
England/MILK-37FE3C0/2022	454	XE
England/MILK-37FE463/2022	454	XE
England/MILK-38009AA/2022	454	XE
England/MILK-381CC1B/2022	454	XE
England/MILK-3826AD8/2022	454	XE
England/MILK-382BAC4/2022	454	XE
England/MILK-382F125/2022	454	XE
England/MILK-3835D19/2022	454	XE
England/MILK-383B654/2022	454	XE
England/MILK-383F16E/2022	454	XE
England/MILK-3847AFF/2022	454	XE
England/MILK-38489E2/2022	454	XE
England/MILK-384936B/2022	454	XE
England/MILK-384B0AE/2022	454	XE
England/MILK-3851D9F/2022	454	XE
England/MILK-3854E20/2022	454	XE
England/MILK-3854EC6/2022	454	XE
England/MILK-3856820/2022	454	XE
England/MILK-3858123/2022	454	XE
England/MILK-38607AE/2022	454	XE
England/MILK-3864DB7/2022	454	XE
England/MILK-386A57D/2022	454	XE
England/MILK-386E166/2022	454	XE
England/MILK-3874F18/2022	454	XE
England/MILK-3875BAA/2022	454	XE
England/MILK-3882CC5/2022	454	XE
England/MILK-3886450/2022	454	XE
England/MILK-388B97A/2022	454	XE
England/MILK-38A253D/2022	454	XE
England/MILK-38A3CCE/2022	454	XE
England/MILK-38A4322/2022	454	XE
England/MILK-38A5224/2022	454	XE
England/MILK-38A5CEA/2022	454	XE
England/MILK-38A9475/2022	454	XE
England/MILK-38AA553/2022	454	XE
England/MILK-38AAC5E/2022	454	XE
England/MILK-38AAC6D/2022	454	XE
England/MILK-38AF2FD/2022	454	XE
England/MILK-38BAEEC/2022	454	XE
England/MILK-38BAEFB/2022	454	XE
England/MILK-38BB3CE/2022	454	XE
England/MILK-38BB3EC/2022	454	XE
England/MILK-38BB3FB/2022	454	XE
England/MILK-38BE52F/2022	454	XE
England/NEWC-371DB69/2022	454	XE
England/NEWC-38B826A/2022	454	XE
England/NORT-YNBZPEX/2022	454	XE
England/PHEC-YYN64JI/2022	454	XE
England/PHEC-YYN6UID/2022	454	XE
England/PHEP-YYRK13D/2022	454	XE
England/PHEP-YYRKOFQ/2022	454	XE
Scotland/QEUH-3625200/2022	454	XE
Scotland/QEUH-3625534/2022	454	XE
Scotland/QEUH-36495D0/2022	454	XE
Scotland/QEUH-3654578/2022	454	XE
Scotland/QEUH-3681563/2022	454	XE
Scotland/QEUH-36835F8/2022	454	XE
Scotland/QEUH-36897FC/2022	454	XE
Scotland/QEUH-36E80A5/2022	454	XE
Scotland/QEUH-36EDE5B/2022	454	XE
Scotland/QEUH-36F952A/2022	454	XE
Scotland/QEUH-36FED5A/2022	454	XE
Scotland/QEUH-37033D7/2022	454	XE
Scotland/QEUH-3705979/2022	454	XE
Scotland/QEUH-3716395/2022	454	XE
Scotland/QEUH-3724BBA/2022	454	XE
Scotland/QEUH-3742749/2022	454	XE
Scotland/QEUH-374B4FE/2022	454	XE
Scotland/QEUH-37C6033/2022	454	XE
Scotland/QEUH-37D4BAA/2022	454	XE
Scotland/QEUH-3812161/2022	454	XE
Scotland/QEUH-3813E69/2022	454	XE
Scotland/QEUH-381A99E/2022	454	XE
Scotland/QEUH-381AA13/2022	454	XE
Scotland/QEUH-382A816/2022	454	XE
Scotland/QEUH-383249F/2022	454	XE
Scotland/QEUH-3832532/2022	454	XE
Scotland/QEUH-383ABFC/2022	454	XE
Scotland/QEUH-384D279/2022	454	XE
Scotland/QEUH-38522BD/2022	454	XE
Scotland/QEUH-385878B/2022	454	XE
Scotland/QEUH-3858ADD/2022	454	XE
Scotland/QEUH-3861664/2022	454	XE
Scotland/QEUH-386178F/2022	454	XE
Scotland/QEUH-3862A76/2022	454	XE
Scotland/QEUH-386436A/2022	454	XE
Scotland/QEUH-3866C8B/2022	454	XE
Scotland/QEUH-3871AFC/2022	454	XE
Scotland/QEUH-3871BCC/2022	454	XE
Wales/PHWC-PEQPDX/2022	454	XE
EPI_ISL_8402519	455	
EPI_ISL_10864854	460	XK
EPI_ISL_10864857	460	XK
EPI_ISL_10864858	460	XK
EPI_ISL_10864920	460	XK
EPI_ISL_10864921	460	XK
EPI_ISL_10864925	460	XK
EPI_ISL_10865165	460	XK
EPI_ISL_10892048	460	XK
EPI_ISL_10892049	460	XK
EPI_ISL_10892050	460	XK
EPI_ISL_10892051	460	XK
EPI_ISL_10892052	460	XK
EPI_ISL_10892053	460	XK
EPI_ISL_10892054	460	XK
EPI_ISL_11009573	460	XK
EPI_ISL_11009624	460	XK
EPI_ISL_11046434	460	XK
EPI_ISL_11046441	460	XK
EPI_ISL_9653629	463	
EPI_ISL_9653714	463	
EPI_ISL_9788858	463	
EPI_ISL_9859723	463	
EPI_ISL_10064888	463	
EPI_ISL_10094246	463	
EPI_ISL_10205420	463	
EPI_ISL_10210786	463	
EPI_ISL_10352947	463	
EPI_ISL_10633947	463	
EPI_ISL_10634868	463	
EPI_ISL_10677314	463	
EPI_ISL_10732655	463	
EPI_ISL_10807605	463	
EPI_ISL_10809722	463	
EPI_ISL_10810199	463	
EPI_ISL_10811843	463	
EPI_ISL_10859747	463	
EPI_ISL_10893424	463	
EPI_ISL_10981999	463	
EPI_ISL_10982953	463	
EPI_ISL_10983612	463	
EPI_ISL_11025935	463	
EPI_ISL_11026539	463	
EPI_ISL_11113211	463	
EPI_ISL_11159064	463	
EPI_ISL_11279679	463	
EPI_ISL_11286273	463	
EPI_ISL_9839483	464	XL
EPI_ISL_9839682	464	XL
EPI_ISL_9872878	464	XL
EPI_ISL_9894508	464	XL
EPI_ISL_10413150	464	XL
EPI_ISL_10413918	464	XL
EPI_ISL_10415682	464	XL
EPI_ISL_10480052	464	XL
EPI_ISL_10515444	464	XL
EPI_ISL_10537883	464	XL
EPI_ISL_10641197	464	XL
EPI_ISL_10688213	464	XL
EPI_ISL_10734696	464	XL
EPI_ISL_10736100	464	XL
EPI_ISL_10797107	464	XL
EPI_ISL_10799679	464	XL
EPI_ISL_10845598	464	XL
EPI_ISL_10884842	464	XL
EPI_ISL_10885820	464	XL
EPI_ISL_10885891	464	XL
EPI_ISL_10885898	464	XL
EPI_ISL_10885929	464	XL
EPI_ISL_10885983	464	XL
EPI_ISL_10886013	464	XL
EPI_ISL_10886093	464	XL
EPI_ISL_10932582	464	XL
EPI_ISL_10938170	464	XL
OV950637.1	464	XL
OV955312.1	464	XL
OV962278.1	464	XL
OV968185.1	464	XL
England/LSPA-37BF0E2/2022	464	XL
England/LSPA-37E113F/2022	464	XL
England/LSPA-387FD7D/2022	464	XL
England/LSPA-38BDD28/2022	464	XL
England/LSPA-38C0D04/2022	464	XL
England/MILK-35C3232/2022	464	XL
England/MILK-35C340F/2022	464	XL
England/MILK-35D54EC/2022	464	XL
England/MILK-360CAE9/2022	464	XL
England/MILK-3722ABF/2022	464	XL
England/MILK-37AA026/2022	464	XL
England/MILK-37DE1F9/2022	464	XL
England/MILK-3818BD6/2022	464	XL
England/MILK-385687B/2022	464	XL
England/MILK-38A23E8/2022	464	XL
England/MILK-38C9D1A/2022	464	XL
England/MILK-38EA180/2022	464	XL
England/MILK-38F4280/2022	464	XL
England/MILK-38FDD4A/2022	464	XL
England/MILK-38FF470/2022	464	XL
England/MILK-38FF48F/2022	464	XL
England/MILK-38FF4AD/2022	464	XL
England/MILK-38FF513/2022	464	XL
England/MILK-38FF59B/2022	464	XL
England/MILK-38FF6C5/2022	464	XL
EPI_ISL_9831293	467	
EPI_ISL_10050580	467	
EPI_ISL_10103325	467	
EPI_ISL_10311162	467	
EPI_ISL_10311468	467	
EPI_ISL_10311834	467	
EPI_ISL_10431710	467	
EPI_ISL_10431719	467	
EPI_ISL_10635794	467	
EPI_ISL_10636680	467	
EPI_ISL_10636658	467	
EPI_ISL_10714315	467	
EPI_ISL_10714652	467	
EPI_ISL_10714755	467	
EPI_ISL_10714519	467	
EPI_ISL_10872579	467	
OM738929.1	467	
OM755435.1	467	
OM807831.1	467	
OM807926.1	467	
OM808636.1	467	
OM846357.1	467	
OM846366.1	467	
OM903735.1	467	
OM903715.1	467	
OM903703.1	467	
OM662958.1	467	
EPI_ISL_10053464	468	
EPI_ISL_10428619	468	
EPI_ISL_10484654	468	
EPI_ISL_10516348	468	
EPI_ISL_10518341	468	
EPI_ISL_10521540	468	
EPI_ISL_10538928	468	
EPI_ISL_10643464	468	
EPI_ISL_10644285	468	
EPI_ISL_10688864	468	
EPI_ISL_10691795	468	
EPI_ISL_10688537	468	
EPI_ISL_10725431	468	
EPI_ISL_10740708	468	
EPI_ISL_10884652	468	
EPI_ISL_10885167	468	
EPI_ISL_10960016	468	
EPI_ISL_10969737	468	
EPI_ISL_10976407	468	
EPI_ISL_10979058	468	
EPI_ISL_10987607	468	
EPI_ISL_10988402	468	
EPI_ISL_11033426	468	
EPI_ISL_11037820	468	
EPI_ISL_11037952	468	
EPI_ISL_11037959	468	
EPI_ISL_11062075	468	
EPI_ISL_11087844	468	
EPI_ISL_11124397	468	
EPI_ISL_11126545	468	
EPI_ISL_11150079	468	
EPI_ISL_11151204	468	
EPI_ISL_11180164	468	
EPI_ISL_11180674	468	
EPI_ISL_11187090	468	
EPI_ISL_11187316	468	
EPI_ISL_11189314	468	
EPI_ISL_11214405	468	
EPI_ISL_11215230	468	
EPI_ISL_11225678	468	
EPI_ISL_11269214	468	
EPI_ISL_11271725	468	
EPI_ISL_11272242	468	
EPI_ISL_11278232	468	
EPI_ISL_11308941	468	
EPI_ISL_11323370	468	
EPI_ISL_11323380	468	
EPI_ISL_11388344	468	
EPI_ISL_11391152	468	
EPI_ISL_11391858	468	
EPI_ISL_11416224	468	
EPI_ISL_11418987	468	
EPI_ISL_11421280	468	
EPI_ISL_11422324	468	
EPI_ISL_11422427	468	
England/DHSC-CYYBGHU/2022	468	
England/ARCH-002820D12/2022	468	
England/HSLL-3843826/2022	468	
England/LSPA-38708C6/2022	468	
England/LSPA-3881ABD/2022	468	
England/MILK-369CB54/2022	468	
England/MILK-36D186B/2022	468	
England/MILK-3701C1A/2022	468	
England/MILK-3792276/2022	468	
England/MILK-382FDE5/2022	468	
England/MILK-383B6FA/2022	468	
England/MILK-385AC3F/2022	468	
England/MILK-3864B80/2022	468	
England/MILK-387E172/2022	468	
England/MILK-38AA91B/2022	468	
England/MILK-38FADF2/2022	468	
England/PHEC-YYN9X6U/2022	468	
Wales/PHWC-PEHFNH/2022	468	
England/LSPA-3963BDB/2022	468	
England/MILK-39695D7/2022	468	
England/LSPA-3943EF6/2022	468	
England/MILK-393A4A5/2022	468	
England/BRBR-39A3E7C/2022	468	
England/MILK-39B33F2/2022	468	
England/LSPA-39C5894/2022	468	
England/LSPA-39C3975/2022	468	
England/LSPA-39C3AFA/2022	468	
England/LSPA-39C3C8B/2022	468	
England/LSPA-39D7E42/2022	468	
England/LSPA-3A39FFF/2022	468	
England/MILK-3A0FA88/2022	468	
England/MILK-3A54A39/2022	468	
England/MILK-3A315AA/2022	468	
England/MILK-3A7DAD0/2022	468	
England/LSPA-3A80F17/2022	468	
England/MILK-3A6A775/2022	468	
England/MILK-3A6A3AE/2022	468	
England/LSPA-3A6BB3C/2022	468	
England/MILK-3AA77B8/2022	468	
England/MILK-3AABBA9/2022	468	
England/PHEC-YYDJAJB/2022	468	
England/LSPA-3ADD449/2022	468	
England/MILK-3ADDFEE/2022	468	
England/MILK-3AE2854/2022	468	
England/MILK-3AD3CA5/2022	468	
England/MILK-3AE3FA9/2022	468	
Wales/PHWC-PJRRBX/2022	468	
Wales/PHWC-PJRROO/2022	468	
EPI_ISL_10886975	469	
EPI_ISL_10887332	469	
EPI_ISL_10674739	469	
EPI_ISL_10772248	469	
EPI_ISL_10772524	469	
EPI_ISL_10772634	469	
EPI_ISL_10863887	469	
EPI_ISL_10863890	469	
EPI_ISL_10863895	469	
EPI_ISL_10863906	469	
Wales/PHWC-PE55UF/2022	469	
Wales/PHWC-PEHPWX/2022	469	
Wales/PHWC-PEHNZW/2022	469	
Wales/PHWC-PEHBEW/2022	469	
Wales/PHWC-PEH1BT/2022	469	
Wales/PHWC-PE55NE/2022	469	
Wales/PHWC-PE54OC/2022	469	
Wales/PHWC-PEHYI4/2022	469	
Wales/PHWC-PEHND7/2022	469	
Wales/PHWC-PE5AOQ/2022	469	
Wales/PHWC-PE59YE/2022	469	
Wales/PHWC-PE5H87/2022	469	
Wales/PHWC-PEZWTA/2022	469	
Wales/PHWC-PE5GFZ/2022	469	
Wales/PHWC-PEAZBW/2022	469	
Wales/PHWC-PEASP7/2022	469	
Wales/PHWC-PE5B5X/2022	469	
Wales/PHWC-PEASKD/2022	469	
Wales/PHWC-PES4ZE/2022	469	
Wales/PHWC-PEZW66/2022	469	
Wales/PHWC-PEHSOQ/2022	469	
Wales/PHWC-PE59TF/2022	469	
Wales/PHWC-PE57BE/2022	469	
Wales/PHWC-PEAY1E/2022	469	
Wales/PHWC-PEAHOO/2022	469	
Wales/PHWC-PE5JG1/2022	469	
Wales/PHWC-PEZWZC/2022	469	
Wales/PHWC-PEZW1S/2022	469	
Wales/PHWC-PEZETR/2022	469	
Wales/PHWC-PESAWO/2022	469	
Wales/PHWC-PE56OE/2022	469	
Wales/PHWC-PEA745/2022	469	
Wales/PHWC-PEA6XT/2022	469	
Wales/PHWC-PEIAW1/2022	469	
Wales/PHWC-PEIURA/2022	469	
Wales/PHWC-PEOGFP/2022	469	
Wales/PHWC-PEUCIY/2022	469	
Wales/PHWC-PEUJE6/2022	469	
Wales/PHWC-PEUPA3/2022	469	
Wales/PHWC-PEWO8Z/2022	469	
Wales/PHWC-PEWOCP/2022	469	
Wales/PHWC-PEWOJU/2022	469	
Wales/PHWC-PEWOX8/2022	469	
EPI_ISL_9425763	471	
EPI_ISL_9425850	471	
EPI_ISL_9425848	471	
EPI_ISL_9943603	471	
EPI_ISL_10256956	471	
EPI_ISL_10300280	471	
EPI_ISL_10300482	471	
EPI_ISL_10490160	471	
EPI_ISL_10605720	471	
EPI_ISL_10707609	471	
EPI_ISL_10841949	471	
EPI_ISL_10842071	471	
EPI_ISL_10867031	471	
EPI_ISL_10871488	471	
EPI_ISL_10955903	471	
EPI_ISL_10716062	471	
EPI_ISL_10998033	471	
EPI_ISL_10998322	471	
EPI_ISL_10383482	471	
EPI_ISL_10381340	471	
EPI_ISL_10998663	471	
EPI_ISL_11039486	471	
EPI_ISL_11039492	471	
EPI_ISL_11099909	471	
EPI_ISL_11093863	471	
EPI_ISL_11093158	471	
EPI_ISL_11174117	471	
EPI_ISL_11227603	471	
EPI_ISL_11240735	471	
OM887074.1	471	
OM844471.1	471	
OM942537.1	471	
OM942659.1	471	
OM947121.1	471	
OM980874.1	471	
OM981005.1	471	
OM981060.1	471	
ON018653.1	471	
ON018687.1	471	
ON018607.1	471	
ON018044.1	471	
ON032006.1	471	
OM477123.1	471	
OM477154.1	471	
OM477155.1	471	
OM661079.1	471	
EPI_ISL_10079704	472	
EPI_ISL_10299554	472	
EPI_ISL_10307024	472	
EPI_ISL_10536094	472	
EPI_ISL_10585249	472	
EPI_ISL_10597168	472	
EPI_ISL_10735349	472	
EPI_ISL_10743683	472	
EPI_ISL_10744307	472	
EPI_ISL_10744853	472	
EPI_ISL_10760299	472	
EPI_ISL_10765199	472	
EPI_ISL_10765287	472	
EPI_ISL_10810318	472	
EPI_ISL_10856890	472	
EPI_ISL_10857564	472	
EPI_ISL_10892908	472	
EPI_ISL_10911397	472	
EPI_ISL_10915897	472	
EPI_ISL_10916320	472	
EPI_ISL_10919523	472	
EPI_ISL_10921014	472	
EPI_ISL_10925473	472	
EPI_ISL_10925492	472	
EPI_ISL_10938763	472	
EPI_ISL_11006347	472	
EPI_ISL_11006637	472	
EPI_ISL_11021066	472	
EPI_ISL_11045486	472	
EPI_ISL_11062385	472	
EPI_ISL_11112824	472	
EPI_ISL_11148038	472	
EPI_ISL_11158792	472	
EPI_ISL_11188260	472	
EPI_ISL_11227376	472	
EPI_ISL_11227773	472	
EPI_ISL_11269562	472	
EPI_ISL_11284798	472	
EPI_ISL_11287933	472	
EPI_ISL_11289179	472	
EPI_ISL_11299933	472	
EPI_ISL_11304459	472	
EPI_ISL_11305203	472	
EPI_ISL_11305496	472	
EPI_ISL_11309215	472	
EPI_ISL_11325602	472	
EPI_ISL_11334975	472	
EPI_ISL_11338264	472	
EPI_ISL_11380511	472	
EPI_ISL_11401042	472	
EPI_ISL_11408014	472	
EPI_ISL_11408015	472	
EPI_ISL_11430196	472	
EPI_ISL_11430853	472	
EPI_ISL_9649828	472	
England/ALDP-3ADBF68/2022	472	
England/ALDP-3AF0EF7/2022	472	
England/BRBR-3AF92C5/2022	472	
England/MILK-3796834/2022	472	
England/NEWC-38BC318/2022	472	
England/PLYM-3A62F0C/2022	472	
Scotland/QEUH-38D7520/2022	472	
Scotland/QEUH-38E1B5E/2022	472	
Scotland/QEUH-3981955/2022	472	
Scotland/QEUH-3A25284/2022	472	
Scotland/QEUH-3A7A99A/2022	472	
Scotland/QEUH-3A8A0CF/2022	472	
Scotland/QEUH-3AEC66F/2022	472	
Scotland/QEUH-3AEE6B8/2022	472	
Wales/PHWC-PE5FW3/2022	472	
Wales/PHWC-PE5TC6/2022	472	
Wales/PHWC-PE6U1J/2022	472	
Wales/PHWC-PE6XC4/2022	472	
Wales/PHWC-PEHN5C/2022	472	
EPI_ISL_11163009	476	
EPI_ISL_10567701	477	
EPI_ISL_10779133	477	
EPI_ISL_11170429	477	
EPI_ISL_10210389	478	
EPI_ISL_10210644	478	
EPI_ISL_10878466	478	
EPI_ISL_11139946	478	
EPI_ISL_11139875	478	
EPI_ISL_11294819	479	
EPI_ISL_11017528	517	BA.5
EPI_ISL_11763507	517	BA.5
EPI_ISL_11763513	517	BA.5
EPI_ISL_11763514	517	BA.5
EPI_ISL_11763515	517	BA.5
EPI_ISL_11763516	517	BA.5
EPI_ISL_11763528	517	BA.5
EPI_ISL_11763529	517	BA.5
EPI_ISL_11763530	517	BA.5
EPI_ISL_11763533	517	BA.5
EPI_ISL_11763534	517	BA.5
EPI_ISL_11763535	517	BA.5
EPI_ISL_11763536	517	BA.5
EPI_ISL_11674432	517	BA.5
EPI_ISL_11542465	517	BA.5
EPI_ISL_11542604	517	BA.5
EPI_ISL_13569221	823	XAK
EPI_ISL_13385893	823	XAK
EPI_ISL_13344896	823	XAK
EPI_ISL_13569385	823	XAK
EPI_ISL_13567682	823	XAK
EPI_ISL_13387015	823	XAK
EPI_ISL_13570913	823	XAK
EPI_ISL_13393217	823	XAK
EPI_ISL_13269776	823	XAK
EPI_ISL_13382835	823	XAK
EPI_ISL_13382506	823	XAK
EPI_ISL_13382561	823	XAK
EPI_ISL_13380484	823	XAK
EPI_ISL_13269235	823	XAK
EPI_ISL_13387937	823	XAK
EPI_ISL_13269123	823	XAK
EPI_ISL_13719505	823	XAK
EPI_ISL_13795661	823	XAK
EPI_ISL_13910672	823	XAK
EPI_ISL_13911687	823	XAK
EPI_ISL_13913622	823	XAK
EPI_ISL_13917987	823	XAK
EPI_ISL_13919465	823	XAK
EPI_ISL_13923147	823	XAK
EPI_ISL_13923171	823	XAK
EPI_ISL_13923416	823	XAK
EPI_ISL_13923424	823	XAK
EPI_ISL_13923524	823	XAK
EPI_ISL_13923983	823	XAK
EPI_ISL_13924147	823	XAK
EPI_ISL_13927733	823	XAK
EPI_ISL_13933571	823	XAK
EPI_ISL_13933603	823	XAK
EPI_ISL_13933607	823	XAK
EPI_ISL_13933624	823	XAK
EPI_ISL_13933724	823	XAK
EPI_ISL_13935440	823	XAK
EPI_ISL_13936383	823	XAK
EPI_ISL_13936388	823	XAK
EPI_ISL_13936925	823	XAK
EPI_ISL_13937107	823	XAK
EPI_ISL_13937273	823	XAK
EPI_ISL_13937536	823	XAK
EPI_ISL_13938846	823	XAK
EPI_ISL_13938960	823	XAK
EPI_ISL_13939246	823	XAK
EPI_ISL_13939997	823	XAK
EPI_ISL_13941569	823	XAK
EPI_ISL_13942052	823	XAK
EPI_ISL_13943854	823	XAK
EPI_ISL_13943861	823	XAK
EPI_ISL_13944742	823	XAK
EPI_ISL_13945288	823	XAK
EPI_ISL_13952188	823	XAK
EPI_ISL_13952189	823	XAK
EPI_ISL_13830375	844	XAY
EPI_ISL_13830376	844	XAY
EPI_ISL_13830377	844	XAY
EPI_ISL_13830378	844	XAY
EPI_ISL_13830379	844	XBA
EPI_ISL_13830380	844	XBA
EPI_ISL_13843609	844	XBA
EPI_ISL_13913050	844	XAY
EPI_ISL_14585888	844	XAY
EPI_ISL_14585891	844	XAY
EPI_ISL_14112354	844	XBA
EPI_ISL_14728611	844	XAY
EPI_ISL_15155569	844	XAY
EPI_ISL_12268489	844?	XBA?
EPI_ISL_13638513	895	XAW
EPI_ISL_13638520	895	XAW
EPI_ISL_14160830	895	XAW
EPI_ISL_14160831	895	XAW
EPI_ISL_14160872	895	XAW
EPI_ISL_14424103	895	XAW
EPI_ISL_14547668	895	XAW
EPI_ISL_14901312	895	XAW
EPI_ISL_14901333	895	XAW
EPI_ISL_14901335	895	XAW
EPI_ISL_14901337	895	XAW
EPI_ISL_14901354	895	XAW
EPI_ISL_14901367	895	XAW
EPI_ISL_14901370	895	XAW
EPI_ISL_14901371	895	XAW
EPI_ISL_14901374	895	XAW
EPI_ISL_14909092	895	XAW
EPI_ISL_14891630	1058	XBB
EPI_ISL_14914848	1058	XBB
EPI_ISL_14914850	1058	XBB
EPI_ISL_14917652	1058	XBB
EPI_ISL_14917728	1058	XBB
EPI_ISL_14917761	1058	XBB
EPI_ISL_15000639	1058	XBB
EPI_ISL_15010755	1058	XBB
EPI_ISL_15031191	1058	XBB
EPI_ISL_15031192	1058	XBB
EPI_ISL_15031193	1058	XBB
EPI_ISL_15031194	1058	XBB
EPI_ISL_15031199	1058	XBB
EPI_ISL_15031200	1058	XBB
EPI_ISL_15031201	1058	XBB
EPI_ISL_15031202	1058	XBB
EPI_ISL_15031899	1058	XBB
EPI_ISL_15057245	1100	XBC
EPI_ISL_15057248	1100	XBC
EPI_ISL_15057614	1100	XBC
EPI_ISL_15057246	1100	XBC
EPI_ISL_15057247	1100	XBC
EPI_ISL_15102716	1100	XBC
EPI_ISL_15103168	1100	XBC
EPI_ISL_15333931		XBB.1.3
EPI_ISL_15465690		XBB.1.3
EPI_ISL_15465702		XBB.1.3
EPI_ISL_15465706		XBB.1.3
EPI_ISL_15465716		XBB.1.3
EPI_ISL_15469900		XBB.1.3
EPI_ISL_15469916		XBB.1.3
EPI_ISL_15469917		XBB.1.3
EPI_ISL_14807682	1229	
EPI_ISL_14959369	1229	
EPI_ISL_15031974	1229	
EPI_ISL_15136400	1229	
EPI_ISL_15140939	1229	
EPI_ISL_15244537	1229	
EPI_ISL_15244551	1229	
EPI_ISL_15296261	1229	
EPI_ISL_15313055	1229	
EPI_ISL_15330221	1229	
EPI_ISL_15335186	1229	
EPI_ISL_15384119	1229	
EPI_ISL_15385024	1229	
EPI_ISL_15385056	1229	
EPI_ISL_15385057	1229	
EPI_ISL_15407792	1229	
EPI_ISL_15466089	1229	
EPI_ISL_15466117	1229	
EPI_ISL_15466132	1229	
EPI_ISL_15466143	1229	
EPI_ISL_15466144	1229	
EPI_ISL_15466145	1229	
EPI_ISL_15466146	1229	
EPI_ISL_15466155	1229	
EPI_ISL_15466156	1229	
EPI_ISL_15471061	1229	
EPI_ISL_15473518	1229	
EPI_ISL_15517417	1229	
EPI_ISL_15517418	1229	
EPI_ISL_15517419	1229	
EPI_ISL_15519948	1229	
EPI_ISL_15519981	1229	
EPI_ISL_15537533	1229	
EPI_ISL_15538122	1229	
EPI_ISL_15576845	1229	
EPI_ISL_15576865	1229	
EPI_ISL_15576900	1229	
EPI_ISL_15026956	1268	
EPI_ISL_15306600	1268	
EPI_ISL_15306899	1268	
EPI_ISL_15312824	1268	
EPI_ISL_15421221	1268	
EPI_ISL_15482232	1268	
EPI_ISL_15578495	1268	
EPI_ISL_15841842	1393	
EPI_ISL_15853687	1393	
EPI_ISL_15893272	1393	
EPI_ISL_15951145	1393	
EPI_ISL_15976945	1393	
EPI_ISL_15977006	1393	
EPI_ISL_15609528	1444	
EPI_ISL_15968293	1444	
EPI_ISL_16061180	1444	
EPI_ISL_16153148	1444	
EPI_ISL_16166674	1444	
EPI_ISL_16166701	1444	
EPI_ISL_16166702	1444	
EPI_ISL_16168949	1444	
EPI_ISL_15939141	1460	
EPI_ISL_16087814	1460	
EPI_ISL_16234849	1460	
EPI_ISL_16236725	1460	
EPI_ISL_16238389	1460	
EPI_ISL_16343562	1505	
EPI_ISL_16343998	1505	
EPI_ISL_16572606	1505	
EPI_ISL_16670574	1505	
EPI_ISL_16706867	1505	
EPI_ISL_16814074	1505	
EPI_ISL_15927302	1637	
EPI_ISL_16180548	1637	
EPI_ISL_16351135	1637	
EPI_ISL_16380898	1637	
EPI_ISL_16406535	1637	
EPI_ISL_16460518	1637	
EPI_ISL_16467709	1637	
EPI_ISL_16509912	1637	
EPI_ISL_16525147	1637	
EPI_ISL_16574696	1637	
EPI_ISL_16574862	1637	
EPI_ISL_16602238	1637	
EPI_ISL_16602385	1637	
EPI_ISL_16602765	1637	
EPI_ISL_16613795	1637	
EPI_ISL_16614924	1637	
EPI_ISL_16615528	1637	
EPI_ISL_16619263	1637	
EPI_ISL_16619390	1637	
EPI_ISL_16619552	1637	
EPI_ISL_16654445	1637	
EPI_ISL_16654446	1637	
EPI_ISL_16654447	1637	
EPI_ISL_16654448	1637	
EPI_ISL_16657063	1637	
EPI_ISL_16657064	1637	
EPI_ISL_16663257	1637	
EPI_ISL_16670172	1637	
EPI_ISL_16679111	1637	
EPI_ISL_16690171	1637	
EPI_ISL_16703822	1637	
EPI_ISL_16735084	1637	
EPI_ISL_16738930	1637	
EPI_ISL_16818068	1637	
EPI_ISL_17592173	174	
EPI_ISL_17592174	174	
EPI_ISL_17592175	174	
EPI_ISL_17592179	174	
EPI_ISL_17592180	174	
EPI_ISL_17592201	174	
EPI_ISL_17592203	174	
C_AA002585.1	174	
C_AA002586.1	174	
C_AA002587.1	174	
C_AA002591.1	174	
C_AA002592.1	174	
C_AA002581.1	174	
C_AA002579.1	174	
EPI_ISL_17592200	174	
EPI_ISL_17784897	174	
EPI_ISL_18106845	674	XCM
EPI_ISL_18118213	674	XCM
EPI_ISL_18125936	674	XCM
EPI_ISL_18218415	674	XCM
EPI_ISL_18220496	674	XCM
EPI_ISL_18263413	674	XCM
EPI_ISL_18262219	674	XCM
EPI_ISL_18098706	2215	
EPI_ISL_18110467	2215	
EPI_ISL_18110470	2215	
EPI_ISL_18119590	2215	
EPI_ISL_18119920	2215	
EPI_ISL_18126488	2215	
EPI_ISL_18138544	2215	
EPI_ISL_18160866	2215	
EPI_ISL_18254485	811	XCT
EPI_ISL_18284092	811	XCT
EPI_ISL_18316684	811	XCT
EPI_ISL_18327700	811	XCT
EPI_ISL_18337266	811	XCT
EPI_ISL_18337277	811	XCT
EPI_ISL_18337817	811	XCT
EPI_ISL_18343383	811	XCT
EPI_ISL_18354524	811	XCT
EPI_ISL_18360399	811	XCT
EPI_ISL_18363256	811	XCT
EPI_ISL_18373930	811	XCT
EPI_ISL_18373939	811	XCT
EPI_ISL_18388280	811	XCT
EPI_ISL_18385324	811	XCT
EPI_ISL_18384901	811	XCT
EPI_ISL_18384897	811	XCT
EPI_ISL_18385476	811	XCT
EPI_ISL_18395595	811	XCT
EPI_ISL_18392290	811	XCT
EPI_ISL_18391834	811	XCT
EPI_ISL_18381777	811	XCT
EPI_ISL_18391799	811	XCT
EPI_ISL_18403312	811	XCT
EPI_ISL_18403342	811	XCT
EPI_ISL_18403373	811	XCT
EPI_ISL_18403374	811	XCT
EPI_ISL_18405163	811	XCT
EPI_ISL_18406342	811	XCT
EPI_ISL_18406427	811	XCT
EPI_ISL_18411444	811	XCT
EPI_ISL_18411775	811	XCT
EPI_ISL_18276415	834	
EPI_ISL_18359229	834	
EPI_ISL_18414808	834	
EPI_ISL_18222057	839	XCZ
EPI_ISL_18222077	839	XCZ
EPI_ISL_18239120	839	XCZ
EPI_ISL_18275613	839	XCZ
EPI_ISL_18280623	839	XCZ
EPI_ISL_18280389	846	
EPI_ISL_18285932	846	
EPI_ISL_18324408	846	
EPI_ISL_18324447	846	
EPI_ISL_18352383	846	
EPI_ISL_18319888	879	
EPI_ISL_18328986	888	
EPI_ISL_18346614	2311	
EPI_ISL_18270079	2311	
EPI_ISL_18269736	2311	
EPI_ISL_18270416	2311	
EPI_ISL_18335686	2311	
EPI_ISL_18303494	2311	
EPI_ISL_18303484	2311	
EPI_ISL_18245778	2311	
EPI_ISL_18332926	2311	
EPI_ISL_18360136	2311	
EPI_ISL_18360089	2311	
EPI_ISL_18360088	2311	
EPI_ISL_18302938	2311	
EPI_ISL_18258632	2311	
EPI_ISL_18360151	2311	
EPI_ISL_18360147	2311	
EPI_ISL_18360126	2311	
EPI_ISL_18360108	2311	
EPI_ISL_18360100	2311	
EPI_ISL_18360094	2311	
EPI_ISL_18302910	2311	
EPI_ISL_18360142	2311	
EPI_ISL_18360119	2311	
EPI_ISL_18360099	2311	
EPI_ISL_18342927	935	XCU
EPI_ISL_18361826	935	XCU
EPI_ISL_18361978	935	XCU
EPI_ISL_18373945	944	
EPI_ISL_18406963	944	
EPI_ISL_18388867	950	
EPI_ISL_18388868	950	
EPI_ISL_18388869	950	
EPI_ISL_18388870	950	
EPI_ISL_18386897	950	
EPI_ISL_18389293	959	
EPI_ISL_18393248	972	
EPI_ISL_18395603	972	
EPI_ISL_18395605	972	
EPI_ISL_18395606	972	
EPI_ISL_18406446	972	
EPI_ISL_18393172	973	
EPI_ISL_18419751	973	
EPI_ISL_18416021	991	
EPI_ISL_18421965	991	
EPI_ISL_18440692	991	
EPI_ISL_18443676	991	
EPI_ISL_18450958	991	
EPI_ISL_18463586	991	
EPI_ISL_18603100	1207	
EPI_ISL_18507646	1207	
EPI_ISL_18663203	1207	
EPI_ISL_18662544	1207	
EPI_ISL_18603213	1207	
EPI_ISL_18705445		XDS
EPI_ISL_18724545		XDS
EPI_ISL_18789987		XDS
EPI_ISL_18800805		XDS
EPI_ISL_18801138		XDS
EPI_ISL_18815853		XDS
EPI_ISL_18831689		XDS
EPI_ISL_18831702		XDS
EPI_ISL_18831855		XDS
EPI_ISL_18839156		XDS
EPI_ISL_18854688		XDS
EPI_ISL_18856053		XDS
EPI_ISL_18856068		XDS
Scotland/CLIMB-CM7YRE7Y/2023		XDS
England/CLIMB-CM7YRHU8/2024		XDS
Scotland/CLIMB-CM7YMFH6/2024		XDS
England/CLIMB-CM7YEBAT/2024		XDS
England/CLIMB-CM7Y8EWA/2024		XDS
England/CLIMB-CM7YF56A/2024		XDS
England/CLIMB-CM7YG5XJ/2024		XDS
England/CLIMB-CM7YMTTC/2024		XDS
England/CLIMB-CM7YGDYG/2024		XDS
EPI_ISL_18424504	1413	
EPI_ISL_18507896	1413	
EPI_ISL_18507897	1413	
EPI_ISL_18550278	1413	
EPI_ISL_18603195	1413	
EPI_ISL_18620310	1413	
EPI_ISL_18779669	1413	
EPI_ISL_18785402	1413	
EPI_ISL_18822530	1413	
EPI_ISL_18822531	1413	
EPI_ISL_18822550	1413	
EPI_ISL_18822551	1413	
EPI_ISL_18822552	1413	
EPI_ISL_18822553	1413	
EPI_ISL_18822554	1413	
EPI_ISL_18876402	1413	
EPI_ISL_18897608	1413	
EPI_ISL_18911477	1413	
EPI_ISL_18911818	1413	
EPI_ISL_18946990	1413	
EPI_ISL_19887711		XFJ.4
EPI_ISL_19893551		XFJ.4
EPI_ISL_19895031		XFJ.4
EPI_ISL_19877332	2625	
Northern_Ireland/CLIMB-CM7YK4EW/2025	2625	
NorthernIreland/CLIMB-CM7YK4EW/2025	2625	
OZ260271.1	2625	
EPI_ISL_20246598	2951	
Scotland/CLIMB-CM7YKMIF/2025	2951	
